{
  "lists":[
     {
      "id":1,
      "title":"kgf",
      "director":"prashant",
      "stars":"Yash",
      "streaming":"Prime"
     },
     {
      "id":2,
      "title":"kgf2",
      "director":"prashant1",
      "stars":"Yash1",
      "streaming":"Prime1"
     },
     {
      "id":3,
      "title":"kgf2",
      "director":"prashant1",
      "stars":"Yash1",
      "streaming":"Prime1"
     },
     {
      "id":4,
      "title":"kgf2",
      "director":"prashant1",
      "stars":"Yash1",
      "streaming":"Prime1"
     }
  ]
}